APOBEC_set	APOBEC3A
APOBEC_set	APOBEC3B
Adipocyte_sc	ADIPOQ
Adipocyte_sc	CIDEA
Adipocyte_sc	FABP4
Adipocyte_sc	LEP
Adipocyte_sc	LHX8
Adipocyte_sc	P2RX5
Adipocyte_sc	PRDM16
Adipocyte_sc	TCF21
Adipocyte_sc	UCP1
Anti apoptosis pathway	BCL2
Anti apoptosis pathway	BCL2L1
Anti apoptosis pathway	BCL2L2
Anti apoptosis pathway	MCL1
Ayers_IFNg18	CD2
Ayers_IFNg18	CD3D
Ayers_IFNg18	CD3E
Ayers_IFNg18	CIITA
Ayers_IFNg18	CXCL10
Ayers_IFNg18	CXCL13
Ayers_IFNg18	CXCR6
Ayers_IFNg18	GZMB
Ayers_IFNg18	GZMK
Ayers_IFNg18	HLA-DRA
Ayers_IFNg18	HLA-E
Ayers_IFNg18	IDO1
Ayers_IFNg18	IL2RG
Ayers_IFNg18	LAG3
Ayers_IFNg18	NKG7
Ayers_IFNg18	STAT1
Ayers_IFNg18	TAGAP
Ayers_IFNg6	CXCL10
Ayers_IFNg6	CXCL9
Ayers_IFNg6	HLA-DRA
Ayers_IFNg6	IDO1
Ayers_IFNg6	IFNG
Ayers_IFNg6	STAT1
BadCD8Tcell_l_SadeFeldman18	AFAP1L2
BadCD8Tcell_l_SadeFeldman18	CD38
BadCD8Tcell_l_SadeFeldman18	CTLA4
BadCD8Tcell_l_SadeFeldman18	CXCL13
BadCD8Tcell_l_SadeFeldman18	ENTPD1
BadCD8Tcell_l_SadeFeldman18	EPSTI1
BadCD8Tcell_l_SadeFeldman18	FABP5
BadCD8Tcell_l_SadeFeldman18	GOLIM4
BadCD8Tcell_l_SadeFeldman18	HAVCR2
BadCD8Tcell_l_SadeFeldman18	MYO7A
BadCD8Tcell_l_SadeFeldman18	NDUFB3
BadCD8Tcell_l_SadeFeldman18	PDCD1
BadCD8Tcell_l_SadeFeldman18	PRDX3
BadCD8Tcell_l_SadeFeldman18	SIRPG
BadCD8Tcell_l_SadeFeldman18	SNAP47
BadCD8Tcell_l_SadeFeldman18	SNRPD1
BadCD8Tcell_l_SadeFeldman18	TNFRSF9
BadCD8Tcell_l_SadeFeldman18	UBE2F
BadCD8Tcell_l_SadeFeldman18	WARS1
Base_excision_repair	FEN1
Base_excision_repair	LIG1
Base_excision_repair	POLD1
Base_excision_repair	POLE
Base_excision_repair	POLE3
Basophil_sc	CLC
Basophil_sc	CPA3
Basophil_sc	HDC
Basophil_sc	IL4
Basophil_sc	MS4A3
Bcell_l_Danaher17	BLK
Bcell_l_Danaher17	CD19
Bcell_l_Danaher17	FCRL2
Bcell_l_Danaher17	MS4A1
Bcell_l_Danaher17	PNOC
Bcell_l_Danaher17	SPIB
Bcell_l_Danaher17	TCL1A
Bcell_l_Danaher17	TNFRSF17
Bcell_sc	CD19
Bcell_sc	CR2
Bcell_sc	MS4A1
Bcell_sc	PAX5
Bcell_sc	TNFRSF13C
Bcell_sc	VPREB3
CD4Tcell_Combes22	ADD3
CD4Tcell_Combes22	BACH2
CD4Tcell_Combes22	DSC1
CD4Tcell_Combes22	HDAC4
CD4Tcell_Combes22	IL7R
CD4Tcell_Combes22	MFHAS1
CD4Tcell_Combes22	NR3C2
CD4Tcell_Combes22	PABPC1
CD4Tcell_Combes22	PABPC3
CD4Tcell_Combes22	SELL
CD4Tcell_Combes22	SESN1
CD4Tcell_Combes22	TRABD2A
CD4Tcell_IL2_I_Kaptein2022	CD4
CD4Tcell_IL2_I_Kaptein2022	CD40LG
CD4Tcell_IL2_I_Kaptein2022	CD48
CD4Tcell_IL2_I_Kaptein2022	EOMES
CD4Tcell_IL2_I_Kaptein2022	ICOS
CD4Tcell_IL2_I_Kaptein2022	IL2
CD4Tcell_IL2_I_Kaptein2022	IL21R
CD4Tcell_IL2_I_Kaptein2022	IL2RA
CD4Tcell_IL2_I_Kaptein2022	IL2RB
CD4Tcell_IL2_I_Kaptein2022	IL2RG
CD4Tcell_sc	CD4
CD4Tcell_sc	CD40LG
CD4Tcell_sc	LEF1
CD4Tcell_sc	TNFRSF4
CD4Tcell_sc	TRAT1
CD56brightNK_sc	CCR7
CD56brightNK_sc	FUT7
CD56brightNK_sc	KLRC1
CD56brightNK_sc	SELL
CD56brightNK_sc	TNFRSF18
CD56brightNK_sc	XCL1
CD56dimNK_l_Danaher17	IL21R
CD56dimNK_l_Danaher17	KIR2DL3
CD56dimNK_l_Danaher17	KIR3DL1
CD56dimNK_l_Danaher17	KIR3DL2
CD56dimNK_sc	CD160
CD56dimNK_sc	FCGR3A
CD56dimNK_sc	FCRL6
CD56dimNK_sc	FGFBP2
CD56dimNK_sc	S1PR5
CD56dimNK_sc	SPON2
CD8Tcell_Combes22	APOBEC3C
CD8Tcell_Combes22	APOBEC3G
CD8Tcell_Combes22	ARPC5L
CD8Tcell_Combes22	BTNL8
CD8Tcell_Combes22	CASP7
CD8Tcell_Combes22	CD8A
CD8Tcell_Combes22	CD8B
CD8Tcell_Combes22	CERS5
CD8Tcell_Combes22	CRIM1
CD8Tcell_Combes22	CTSW
CD8Tcell_Combes22	DPF3
CD8Tcell_Combes22	EBP
CD8Tcell_Combes22	FASLG
CD8Tcell_Combes22	GRIK4
CD8Tcell_Combes22	GZMH
CD8Tcell_Combes22	HLA-DMA
CD8Tcell_Combes22	HLA-DMB
CD8Tcell_Combes22	HLA-DPB1
CD8Tcell_Combes22	HOXB4
CD8Tcell_Combes22	LAG3
CD8Tcell_Combes22	LYST
CD8Tcell_Combes22	MCM5
CD8Tcell_Combes22	MCTP2
CD8Tcell_Combes22	NAA40
CD8Tcell_Combes22	NKG7
CD8Tcell_Combes22	PSMB9
CD8Tcell_Combes22	RAD51
CD8Tcell_Combes22	SERP2
CD8Tcell_Combes22	SETBP1
CD8Tcell_Combes22	TMCC2
CD8Tcell_Combes22	TRPS1
CD8Tcell_Combes22	TTC24
CD8Tcell_Combes22	ULBP3
CD8Tcell_Combes22	VCAM1
CD8Tcell_Combes22	WNT9A
CD8Tcell_Combes22	YARS1
CD8Tcell_Combes22	ZNF696
CD8Tcell_sc	CD8A
CD8Tcell_sc	CD8B
CMCD4Tcell_sc	AP3M2
CMCD4Tcell_sc	AQP3
CMCD4Tcell_sc	CD40LG
CMCD4Tcell_sc	PKIA
CMCD4Tcell_sc	SERINC5
CMCD4Tcell_sc	STING1
CMCD4Tcell_sc	TNFRSF4
Cell_cycle	ANAPC2
Cell_cycle	CCNB1
Cell_cycle	CDC20
Cell_cycle	CDC25A
Cell_cycle	CDC45
Cell_cycle	CDC6
Cell_cycle	CDKN2B
Cell_cycle	E2F1
Cell_cycle	E2F2
Cell_cycle	ESPL1
Cell_cycle	MCM2
Cell_cycle	MCM4
Cell_cycle	MCM7
Cell_cycle	PKMYT1
Cell_cycle	TFDP1
Cell_cycle	TTK
Cell_cycle_reg	ATM
Cell_cycle_reg	CCND1
Cell_cycle_reg	CCNE1
Cell_cycle_reg	CDKN1A
Cell_cycle_reg	CDKN2A
Cell_cycle_reg	E2F3
Cell_cycle_reg	FBXW7
Cell_cycle_reg	MDM2
Cell_cycle_reg	RB1
Cell_cycle_reg	TP53
Cholangiocyte_sc	CITED4
Cholangiocyte_sc	CLDN4
Cholangiocyte_sc	EPCAM
Cholangiocyte_sc	FGFR2
Cholangiocyte_sc	KRT19
Cholangiocyte_sc	KRT7
Cholangiocyte_sc	MMP7
Cholangiocyte_sc	SFRP5
Cholangiocyte_sc	SLC12A2
Cholangiocyte_sc	SOX9
Cholangiocyte_sc	TFF1
Cholangiocyte_sc	TFF2
ClassMonocyte_Combes22	FCN1
ClassMonocyte_Combes22	LYZ
ClassMonocyte_Combes22	S100A8
ClassMonocyte_Combes22	S100A9
ClassMonocyte_Combes22	VCAN
ClassMonocyte_sc	CLEC4D
ClassMonocyte_sc	FCAR
ClassMonocyte_sc	MCEMP1
ClassMonocyte_sc	S100A12
Cytokine_CSF	CNTF
Cytokine_CSF	CSF1
Cytokine_CSF	CSF2
Cytokine_CSF	CSF3
Cytokine_CSF	FLT3LG
Cytokine_Chemokines	CCL1
Cytokine_Chemokines	CCL11
Cytokine_Chemokines	CCL13
Cytokine_Chemokines	CCL17
Cytokine_Chemokines	CCL19
Cytokine_Chemokines	CCL2
Cytokine_Chemokines	CCL20
Cytokine_Chemokines	CCL22
Cytokine_Chemokines	CCL24
Cytokine_Chemokines	CCL25
Cytokine_Chemokines	CCL26
Cytokine_Chemokines	CCL28
Cytokine_Chemokines	CCL7
Cytokine_Chemokines	CCL8
Cytokine_Chemokines	CX3CL1
Cytokine_Chemokines	CXCL1
Cytokine_Chemokines	CXCL10
Cytokine_Chemokines	CXCL11
Cytokine_Chemokines	CXCL12
Cytokine_Chemokines	CXCL13
Cytokine_Chemokines	CXCL14
Cytokine_Chemokines	CXCL16
Cytokine_Chemokines	CXCL17
Cytokine_Chemokines	CXCL2
Cytokine_Chemokines	CXCL3
Cytokine_Chemokines	CXCL5
Cytokine_Chemokines	CXCL6
Cytokine_Chemokines	CXCL8
Cytokine_Chemokines	CXCL9
Cytokine_Chemokines	SCGB3A1
Cytokine_Chemokines	XCL1
Cytokine_Chemokines	XCL2
Cytokine_GF	AIMP1
Cytokine_GF	ALKAL1
Cytokine_GF	BMP1
Cytokine_GF	BMP10
Cytokine_GF	BMP15
Cytokine_GF	BMP2
Cytokine_GF	BMP4
Cytokine_GF	BMP5
Cytokine_GF	BMP6
Cytokine_GF	BMP7
Cytokine_GF	BMP8A
Cytokine_GF	BMP8B
Cytokine_GF	FGF2
Cytokine_GF	GDF11
Cytokine_GF	GDF15
Cytokine_GF	GDF3
Cytokine_GF	GDF5
Cytokine_GF	GDF6
Cytokine_GF	GDF7
Cytokine_GF	GDF9
Cytokine_GF	GREM1
Cytokine_GF	GREM2
Cytokine_GF	INHBA
Cytokine_GF	INHBB
Cytokine_GF	INHBC
Cytokine_GF	INHBE
Cytokine_GF	KITLG
Cytokine_GF	LEFTY1
Cytokine_GF	MSTN
Cytokine_GF	MYDGF
Cytokine_GF	NAMPT
Cytokine_GF	NOG
Cytokine_GF	OSM
Cytokine_GF	SCG2
Cytokine_GF	TGFB3
Cytokine_GF	THPO
Cytokine_GF	VEGFA
Cytokine_GF	WNT1
Cytokine_GF	WNT10A
Cytokine_GF	WNT10B
Cytokine_GF	WNT16
Cytokine_GF	WNT2
Cytokine_GF	WNT2B
Cytokine_GF	WNT3
Cytokine_GF	WNT3A
Cytokine_GF	WNT4
Cytokine_GF	WNT5B
Cytokine_GF	WNT6
Cytokine_GF	WNT7A
Cytokine_GF	WNT9A
Cytokine_GF	WNT9B
Cytokine_IFNs	IFNA1
Cytokine_IFNs	IFNA10
Cytokine_IFNs	IFNA13
Cytokine_IFNs	IFNA14
Cytokine_IFNs	IFNA17
Cytokine_IFNs	IFNA2
Cytokine_IFNs	IFNA21
Cytokine_IFNs	IFNA4
Cytokine_IFNs	IFNA5
Cytokine_IFNs	IFNA6
Cytokine_IFNs	IFNA7
Cytokine_IFNs	IFNA8
Cytokine_IFNs	IFNB1
Cytokine_IFNs	IFNE
Cytokine_IFNs	IFNG
Cytokine_IFNs	IFNK
Cytokine_IFNs	IFNL1
Cytokine_IFNs	IFNL2
Cytokine_IFNs	IFNL3
Cytokine_IFNs	IFNW1
Cytokine_Ils	IL10
Cytokine_Ils	IL11
Cytokine_Ils	IL12B
Cytokine_Ils	IL15
Cytokine_Ils	IL16
Cytokine_Ils	IL17A
Cytokine_Ils	IL17B
Cytokine_Ils	IL17C
Cytokine_Ils	IL17F
Cytokine_Ils	IL18
Cytokine_Ils	IL19
Cytokine_Ils	IL1A
Cytokine_Ils	IL1B
Cytokine_Ils	IL1F10
Cytokine_Ils	IL1RN
Cytokine_Ils	IL2
Cytokine_Ils	IL20
Cytokine_Ils	IL21
Cytokine_Ils	IL22
Cytokine_Ils	IL23A
Cytokine_Ils	IL24
Cytokine_Ils	IL25
Cytokine_Ils	IL26
Cytokine_Ils	IL27
Cytokine_Ils	IL2RA
Cytokine_Ils	IL3
Cytokine_Ils	IL31
Cytokine_Ils	IL32
Cytokine_Ils	IL33
Cytokine_Ils	IL34
Cytokine_Ils	IL36A
Cytokine_Ils	IL36G
Cytokine_Ils	IL36RN
Cytokine_Ils	IL37
Cytokine_Ils	IL4
Cytokine_Ils	IL5
Cytokine_Ils	IL6
Cytokine_Ils	IL6R
Cytokine_Ils	IL7
Cytokine_Ils	IL9
Cytokine_TNF	CD40LG
Cytokine_TNF	FASLG
Cytokine_TNF	LTA
Cytokine_TNF	TNF
Cytokine_TNF	TNFRSF11B
Cytokine_TNF	TNFRSF9
Cytokine_TNF	TNFSF10
Cytokine_TNF	TNFSF11
Cytokine_TNF	TNFSF12
Cytokine_TNF	TNFSF13
Cytokine_TNF	TNFSF14
Cytokine_TNF	TNFSF15
Cytokine_TNF	TNFSF18
Cytokine_TNF	TNFSF4
Cytokine_TNF	TNFSF8
Cytokine_TNF	TNFSF9
CytotoxSig_Davoli	CD2
CytotoxSig_Davoli	CD247
CytotoxSig_Davoli	CD3E
CytotoxSig_Davoli	GZMH
CytotoxSig_Davoli	GZMK
CytotoxSig_Davoli	NKG7
CytotoxSig_Davoli	PRF1
CytotoxTcell_Jiang	CD8A
CytotoxTcell_Jiang	CD8B
CytotoxTcell_Jiang	GZMA
CytotoxTcell_Jiang	GZMB
CytotoxTcell_Jiang	PRF1
CytotoxTcell_sc	FGFBP2
CytotoxTcell_sc	GNLY
CytotoxTcell_sc	GZMA
CytotoxTcell_sc	GZMB
CytotoxTcell_sc	GZMH
CytotoxTcell_sc	KLRD1
CytotoxTcell_sc	MATK
CytotoxTcell_sc	NKG7
CytotoxTcell_sc	PRF1
CytotoxTcell_sc	SAMD3
Cytotoxic_l_Danaher17	CTSW
Cytotoxic_l_Danaher17	GNLY
Cytotoxic_l_Danaher17	GZMA
Cytotoxic_l_Danaher17	GZMB
Cytotoxic_l_Danaher17	GZMH
Cytotoxic_l_Danaher17	KLRB1
Cytotoxic_l_Danaher17	KLRD1
Cytotoxic_l_Danaher17	KLRK1
Cytotoxic_l_Danaher17	NKG7
Cytotoxic_l_Danaher17	PRF1
CytoxAct_Rooney	GZMA
CytoxAct_Rooney	PRF1
CytoxTcell_l_Li19	CX3CR1
CytoxTcell_l_Li19	FGFBP2
CytoxTcell_l_Li19	GNLY
CytoxTcell_l_Li19	GZMH
CytoxTcell_l_Li19	KLF2
CytoxTcell_l_Li19	TBX21
DNA_replication	FEN1
DNA_replication	LIG1
DNA_replication	MCM2
DNA_replication	MCM4
DNA_replication	MCM7
DNA_replication	POLD1
DNA_replication	POLE
DNA_replication	POLE3
DNA_replication	RFC2
DNA_replication	RNASEH2A
DNA_replication	RPA1
DualExpandedTcell_l_Wu20	ABI3
DualExpandedTcell_l_Wu20	AOAH
DualExpandedTcell_l_Wu20	CD8A
DualExpandedTcell_l_Wu20	CD8B
DualExpandedTcell_l_Wu20	CST7
DualExpandedTcell_l_Wu20	CTSW
DualExpandedTcell_l_Wu20	GNLY
DualExpandedTcell_l_Wu20	GZMA
DualExpandedTcell_l_Wu20	GZMB
DualExpandedTcell_l_Wu20	GZMH
DualExpandedTcell_l_Wu20	GZMM
DualExpandedTcell_l_Wu20	HCST
DualExpandedTcell_l_Wu20	HLA-C
DualExpandedTcell_l_Wu20	KLRC2
DualExpandedTcell_l_Wu20	KLRC4
DualExpandedTcell_l_Wu20	KLRD1
DualExpandedTcell_l_Wu20	KLRK1
DualExpandedTcell_l_Wu20	MATK
DualExpandedTcell_l_Wu20	NKG7
DualExpandedTcell_l_Wu20	PRF1
DualExpandedTcell_l_Wu20	ZNF683
EMT1	CDH1
EMT1	CLDN3
EMT1	CLDN4
EMT1	CLDN7
EMT1	TWIST1
EMT1	VIM
EMT1	ZEB1
EMT1	ZEB2
EMT2	AXL
EMT2	FAP
EMT2	LOXL2
EMT2	ROR2
EMT2	TAGLN
EMT2	TWIST2
EMT2	WNT5A
EMT3	FOXF1
EMT3	GATA6
EMT3	SOX9
EMT3	TWIST1
EMT3	ZEB1
EMT3	ZEB2
Endothelial_Kahn20	ANGPT2
Endothelial_Kahn20	CDH5
Endothelial_Kahn20	ERG
Endothelial_Kahn20	ESAM
Endothelial_Kahn20	ESM1
Endothelial_Kahn20	ICAM2
Endothelial_Kahn20	TIE1
Endothelial_sc	CDH5
Endothelial_sc	ECSCR
Endothelial_sc	FLT4
Endothelial_sc	KDR
Endothelial_sc	MYCT1
Endothelial_sc	TIE1
Eosinophil_sc	CCR3
Eosinophil_sc	CLC
Eosinophil_sc	EPX
Eosinophil_sc	FUT9
Eosinophil_sc	PRG2
Eosinophil_sc	RNASE2
Eosinophil_sc	RNASE3
Eosinophil_sc	SIGLEC8
Epithelial_sc	CDH1
Epithelial_sc	CLDN7
Epithelial_sc	EPCAM
Epithelial_sc	HMGCS2
Epithelial_sc	KLK1
Epithelial_sc	LGALS4
Epithelial_sc	SMIM22
Erythrocyte_sc	AHSP
Erythrocyte_sc	CA1
Erythrocyte_sc	ERMAP
Erythrocyte_sc	HBB
Erythrocyte_sc	HBD
Erythrocyte_sc	KCNN4
Erythrocyte_sc	PAN3
Erythrocyte_sc	TPM1
ExhCD8Tcell_l_Danaher17	CD244
ExhCD8Tcell_l_Danaher17	EOMES
ExhCD8Tcell_l_Danaher17	LAG3
ExhCD8Tcell_l_Danaher17	PTGER4
ExhCD8Tcell_sc	CD38
ExhCD8Tcell_sc	ENTPD1
ExhCD8Tcell_sc	HAVCR2
ExhCD8Tcell_sc	LAG3
ExhCD8Tcell_sc	PDCD1
ExhCD8Tcell_sc	TOX
ExhTcell_Jiang	ABCB1
ExhTcell_Jiang	ABI3
ExhTcell_Jiang	ADRB2
ExhTcell_Jiang	BCKDHB
ExhTcell_Jiang	BTG1
ExhTcell_Jiang	C1QC
ExhTcell_Jiang	CAMK2N1
ExhTcell_Jiang	CD69
ExhTcell_Jiang	CPEB1
ExhTcell_Jiang	CTSS
ExhTcell_Jiang	CUEDC1
ExhTcell_Jiang	CYSLTR2
ExhTcell_Jiang	DEDD2
ExhTcell_Jiang	DHX58
ExhTcell_Jiang	DSEL
ExhTcell_Jiang	DUSP1
ExhTcell_Jiang	DUSP26
ExhTcell_Jiang	FOSB
ExhTcell_Jiang	HSPA1A
ExhTcell_Jiang	HSPA1B
ExhTcell_Jiang	IFIT1B
ExhTcell_Jiang	IFIT3
ExhTcell_Jiang	JUN
ExhTcell_Jiang	MACC1
ExhTcell_Jiang	NR4A2
ExhTcell_Jiang	NR4A3
ExhTcell_Jiang	POU6F1
ExhTcell_Jiang	RGS1
ExhTcell_Jiang	RGS16
ExhTcell_Jiang	RGS2
ExhTcell_Jiang	RNF166
ExhTcell_Jiang	RTP4
ExhTcell_Jiang	SAMD3
ExhTcell_Jiang	SFN
ExhTcell_Jiang	SKI
ExhTcell_Jiang	SLC14A1
ExhTcell_Jiang	SPATA20
ExhTcell_Jiang	SPP1
ExhTcell_Jiang	SYCP2L
ExhTcell_Jiang	TF
ExhTcell_Jiang	TMEM88
ExhTcell_Jiang	TNFAIP3
ExhTcell_Jiang	TNN
ExhTcell_Jiang	TRIM15
ExhTcell_Jiang	VPS37B
ExhTcell_l_Li19	CXCL13
ExhTcell_l_Li19	EOMES
ExhTcell_l_Li19	ETV1
ExhTcell_l_Li19	ID3
ExhTcell_l_Li19	IFNG
ExhTcell_l_Li19	LAG3
ExhTcell_l_Li19	MAF
ExhTcell_l_Li19	PDCD1
ExhTcell_l_Li19	PRDM1
ExhTcell_l_Li19	RBPJ
ExhTcell_l_Li19	TIGIT
ExhTcell_l_Li19	ZBED2
ExhTcell_l_Tirosh16	ATP1B3
ExhTcell_l_Tirosh16	CD200
ExhTcell_l_Tirosh16	CD27
ExhTcell_l_Tirosh16	CRTAM
ExhTcell_l_Tirosh16	CXCL13
ExhTcell_l_Tirosh16	EGR2
ExhTcell_l_Tirosh16	EIF3L
ExhTcell_l_Tirosh16	FAM3C
ExhTcell_l_Tirosh16	FDFT1
ExhTcell_l_Tirosh16	HLA-DMA
ExhTcell_l_Tirosh16	IFI16
ExhTcell_l_Tirosh16	INPP5F
ExhTcell_l_Tirosh16	KCNK5
ExhTcell_l_Tirosh16	MYO7A
ExhTcell_l_Tirosh16	PARK7
ExhTcell_l_Tirosh16	RGS2
ExhTcell_l_Tirosh16	RNF19A
ExhTcell_l_Tirosh16	SH2D1A
ExhTcell_l_Tirosh16	SLA
ExhTcell_l_Tirosh16	THADA
ExhTcell_l_Tirosh16	TIGIT
ExhTcell_l_Tirosh16	TMBIM6
ExhTcell_l_Tirosh16	TNFRSF1B
ExhTcell_l_Tirosh16	TNFRSF9
ExhTcell_l_Tirosh16	UQCRC1
ExhTcell_l_Tirosh16	WARS1
ExhTcell_l_Tirosh16	XCL2
ExhTcell_l_Tirosh16	ZC3H7A
Fanconi_anemia	ATRIP
Fanconi_anemia	EME1
Fanconi_anemia	FANCC
Fanconi_anemia	FANCG
Fanconi_anemia	RAD51
Fanconi_anemia	RMI1
Fanconi_anemia	RPA1
Fehrenbacher_Teff	CD8A
Fehrenbacher_Teff	CXCL10
Fehrenbacher_Teff	CXCL9
Fehrenbacher_Teff	EOMES
Fehrenbacher_Teff	GZMA
Fehrenbacher_Teff	GZMB
Fehrenbacher_Teff	IFNG
Fehrenbacher_Teff	TBX21
Fibroblast_sc	ACTA2
Fibroblast_sc	BGN
Fibroblast_sc	CYGB
Fibroblast_sc	DCN
Fibroblast_sc	EMILIN1
Fibroblast_sc	MFAP4
Fibroblast_sc	PCOLCE
Fibroblast_sc	PDGFRB
Fibroblast_sc	TCF21
GoodCD8Tcell_l_SadeFeldman18	ADD3
GoodCD8Tcell_l_SadeFeldman18	IL7R
GoodCD8Tcell_l_SadeFeldman18	PLAC8
GoodCD8Tcell_l_SadeFeldman18	SELL
GoodCD8Tcell_l_SadeFeldman18	TCF7
GoodCD8Tcell_l_SadeFeldman18	TNFAIP8
Granulocyte_sc	CLC
Granulocyte_sc	CTSG
Granulocyte_sc	FCGR3B
Granulocyte_sc	HDC
Granulocyte_sc	MPO
HematoStem_sc	AVP
HematoStem_sc	CD34
HematoStem_sc	CRHBP
HematoStem_sc	NRIP1
Hepatocyte_sc	ALDOB
Hepatocyte_sc	APOC3
Hepatocyte_sc	APOH
Hepatocyte_sc	PCK1
Hepatocyte_sc	TAT
Homologous_recombination	EME1
Homologous_recombination	POLD1
Homologous_recombination	RAD51
Homologous_recombination	RAD54L
Homologous_recombination	RPA1
IFNG_l_Rozeman21	CCR5
IFNG_l_Rozeman21	CXCL10
IFNG_l_Rozeman21	CXCL11
IFNG_l_Rozeman21	CXCL9
IFNG_l_Rozeman21	GZMA
IFNG_l_Rozeman21	HLA-DRA
IFNG_l_Rozeman21	IDO1
IFNG_l_Rozeman21	IFNG
IFNG_l_Rozeman21	PRF1
IFNG_l_Rozeman21	STAT1
ILC1	EOMES
ILC1	GZMB
ILC1	HLA-E
ILC1	IFNG
ILC1	IL12RB1
ILC1	IL12RB2
ILC1	IL15RA
ILC1	IL18RAP
ILC1	IL2RB
ILC1	KIR2DL1
ILC1	KIR3DL1
ILC1	NCR1
ILC1	PRF1
ILC1	RUNX3
ILC1	STAT4
ILC1	SYK
ILC1	TBX21
ILC1	TNF
ILC2	BCL11B
ILC2	CRLF2
ILC2	GATA3
ILC2	ICOS
ILC2	IL13
ILC2	IL17RB
ILC2	IL2RA
ILC2	IL4
ILC2	IL5
ILC2	IL9
ILC2	KIT
ILC2	MPL
ILC2	RORA
ILC2	TSLP
ILC2	VIPR2
ILC3	AHR
ILC3	CCL20
ILC3	CCR6
ILC3	CD40LG
ILC3	IL17A
ILC3	IL17F
ILC3	IL1R1
ILC3	IL22
ILC3	IL23R
ILC3	LIF
ILC3	LTA
ILC3	LTBR
ILC3	MADCAM1
ILC3	NFKBIZ
ILC3	NKX2-3
ILC3	RORC
ILC3	STAT3
Immune_checkpoints	CD274
Immune_checkpoints	CTLA4
Immune_checkpoints	HAVCR2
Immune_checkpoints	LAG3
Immune_checkpoints	PDCD1
Immune_checkpoints	PDCD1LG2
Immune_checkpoints	TIGIT
InflamFibroblast_sc	CEMIP
InflamFibroblast_sc	CHI3L1
InflamFibroblast_sc	COL7A1
InflamFibroblast_sc	IL11
InflamFibroblast_sc	MMP3
InflamFibroblast_sc	WNT2
InflamMonocyte_sc	CAMP
InflamMonocyte_sc	IER3
InflamMonocyte_sc	IL1B
Macrophage_CXCL9_sc	CXCL10
Macrophage_CXCL9_sc	CXCL11
Macrophage_CXCL9_sc	CXCL9
Macrophage_Combes22	APOE
Macrophage_Combes22	C1QB
Macrophage_Combes22	C1QC
Macrophage_Combes22	TREM2
Macrophage_Combes22	VSIG4
Macrophage_MARCO_sc	CXCL5
Macrophage_MARCO_sc	MARCO
Macrophage_MARCO_sc	MMP19
Macrophage_MARCO_sc	SLAMF9
Macrophage_MSR1_sc	CD209
Macrophage_MSR1_sc	FOLR2
Macrophage_MSR1_sc	PLA2G7
Macrophage_MSR1_sc	SIGLEC1
Macrophage_MSR1_sc	SLCO2B1
Macrophage_MSR1_sc	TREM2
Macrophage_TAM	ABCC4
Macrophage_TAM	ALOX15
Macrophage_TAM	CALCRL
Macrophage_TAM	CCL13
Macrophage_TAM	CCL17
Macrophage_TAM	CCL26
Macrophage_TAM	CD1A
Macrophage_TAM	CD1E
Macrophage_TAM	CDR2L
Macrophage_TAM	CMTM8
Macrophage_TAM	CRH
Macrophage_TAM	DHRS2
Macrophage_TAM	DUOXA1
Macrophage_TAM	ESPNL
Macrophage_TAM	F13A1
Macrophage_TAM	FABP4
Macrophage_TAM	FCER1A
Macrophage_TAM	FOXQ1
Macrophage_TAM	GALNT18
Macrophage_TAM	GATM
Macrophage_TAM	GPT
Macrophage_TAM	IL17RB
Macrophage_TAM	IPCEF1
Macrophage_TAM	ITM2C
Macrophage_TAM	MAOA
Macrophage_TAM	MAP4K1
Macrophage_TAM	MOCOS
Macrophage_TAM	MS4A6A
Macrophage_TAM	PALLD
Macrophage_TAM	PARM1
Macrophage_TAM	PCED1B
Macrophage_TAM	PDGFC
Macrophage_TAM	PON2
Macrophage_TAM	PPP1R14A
Macrophage_TAM	QPRT
Macrophage_TAM	RAB30
Macrophage_TAM	RAB33A
Macrophage_TAM	RAMP1
Macrophage_TAM	RASAL1
Macrophage_TAM	RGS18
Macrophage_TAM	RNASE1
Macrophage_TAM	RRS1
Macrophage_TAM	SH3BP4
Macrophage_TAM	STAB1
Macrophage_TAM	SYT17
Macrophage_TAM	TMIGD3
Macrophage_TAM	ZNF366
Macrophage_l_Danaher17	CD163
Macrophage_l_Danaher17	CD68
Macrophage_l_Danaher17	CD84
Macrophage_l_Danaher17	MS4A4A
Macrophage_sc	CD163
Macrophage_sc	LILRB5
Macrophage_sc	MSR1
Macrophage_sc	SDS
Macrophage_sc	SLCO2B1
Macrophage_sc	TREM2
Macrophage_sc	VSIG4
Mast_l_Danaher17	CPA3
Mast_l_Danaher17	HDC
Mast_l_Danaher17	MS4A2
Mast_l_Danaher17	TPSAB1
Mast_sc	CPA3
Mast_sc	HPGDS
Mast_sc	TPSAB1
Mast_sc	VWA5A
MemBcell_sc	AIM2
MemBcell_sc	TNFRSF13B
MemTcell_sc	AP3M2
MemTcell_sc	CD84
MemTcell_sc	GPR171
MemTcell_sc	GZMK
MemTcell_sc	IL7R
MemTcell_sc	PHACTR2
MemTcell_sc	PKIA
MemTcell_sc	SERINC5
Mesothelial_sc	CALB2
Mesothelial_sc	CCDC80
Mesothelial_sc	PLA2G2A
Mesothelial_sc	PRG4
Mesothelial_sc	PTGIS
Mesothelial_sc	UPK3B
Messina_CKS	CCL19
Messina_CKS	CCL2
Messina_CKS	CCL21
Messina_CKS	CCL8
Messina_CKS	CXCL10
Messina_CKS	CXCL11
Messina_CKS	CXCL13
Messina_CKS	CXCL9
Monocyte_sc	CD300E
Monocyte_sc	CLEC12A
Monocyte_sc	FCN1
Monocyte_sc	LILRA5
Monocyte_sc	LYPD2
Monocyte_sc	S100A12
Monocyte_sc	SLC11A1
Myeloid_Combes22	CD163
Myeloid_Combes22	CD1C
Myeloid_Combes22	CD1E
Myeloid_Combes22	CD300E
Myeloid_Combes22	CD300LB
Myeloid_Combes22	CD33
Myeloid_Combes22	CLEC10A
Myeloid_Combes22	CLEC5A
Myeloid_Combes22	CSF1R
Myeloid_Combes22	CYBB
Myeloid_Combes22	FCER1A
Myeloid_Combes22	FCN1
Myeloid_Combes22	FPR3
Myeloid_Combes22	LILRA1
Myeloid_Combes22	LILRB2
Myeloid_Combes22	LILRB4
Myeloid_Combes22	LY86
Myeloid_Combes22	MPEG1
Myeloid_Combes22	MS4A14
Myeloid_Combes22	MS4A4A
Myeloid_Combes22	MS4A4E
Myeloid_Combes22	MS4A7
Myeloid_Combes22	OLR1
Myeloid_Combes22	RNASE6
Myeloid_Combes22	SIGLEC1
Myeloid_Combes22	SIGLEC7
Myeloid_Combes22	VSIG4
Myeloid_Combes22	WDFY4
Myeloid_sc	C3AR1
Myeloid_sc	C5AR1
Myeloid_sc	CCL22
Myeloid_sc	CSF3R
Myeloid_sc	FCGR2A
Myeloid_sc	FCGR3B
Myeloid_sc	FPR1
Myeloid_sc	HDC
Myeloid_sc	LILRB2
Myeloid_sc	MNDA
Myeloid_sc	MS4A6A
Myeloid_sc	MS4A7
NClassMonocyte_sc	CDH23
NClassMonocyte_sc	GPBAR1
NClassMonocyte_sc	LIPN
NClassMonocyte_sc	LYPD2
NClassMonocyte_sc	MS4A14
NK_l_Danaher17	NCR1
NK_l_Danaher17	XCL1
NK_l_Danaher17	XCL2
NKcell_sc	IL18RAP
NKcell_sc	KIR2DL4
NKcell_sc	KLRC1
NKcell_sc	KLRF1
NKcell_sc	LIM2
NKcell_sc	NCR1
NaiBcell_sc	BTLA
NaiBcell_sc	CD72
NaiBcell_sc	FCER2
NaiBcell_sc	FCRL1
NaiBcell_sc	TCL1A
NaiTcell_l_Li19	CCR7
NaiTcell_l_Li19	IL7R
NaiTcell_l_Li19	TCF7
NaiTcell_sc	CAMK4
NaiTcell_sc	LEF1
NaiTcell_sc	MAL
NaiTcell_sc	NELL2
NaiTcell_sc	TCF7
NaiTcell_sc	TRABD2A
Neutrophil_sc	AZU1
Neutrophil_sc	CTSG
Neutrophil_sc	ELANE
Neutrophil_sc	FCGR3B
Neutrophil_sc	MPO
Neutrophil_sc	PRTN3
Nucleotide_excision_repair	LIG1
Nucleotide_excision_repair	POLD1
Nucleotide_excision_repair	POLE
Nucleotide_excision_repair	POLE3
Nucleotide_excision_repair	RAD23A
Nucleotide_excision_repair	RAD23B
Nucleotide_excision_repair	RFC2
Nucleotide_excision_repair	RPA1
Nurmik_CAFs	ACTA2
Nurmik_CAFs	COL11A1
Nurmik_CAFs	FAP
Nurmik_CAFs	MFAP5
PancreaticEndocrine_sc	ADCYAP1
PancreaticEndocrine_sc	BAIAP3
PancreaticEndocrine_sc	CRYBA2
PancreaticEndocrine_sc	DPYSL3
PancreaticEndocrine_sc	FGB
PancreaticEndocrine_sc	GC
PancreaticEndocrine_sc	GCG
PancreaticEndocrine_sc	HADH
PancreaticEndocrine_sc	IAPP
PancreaticEndocrine_sc	INS
PancreaticEndocrine_sc	IRX2
PancreaticEndocrine_sc	LEPR
PancreaticEndocrine_sc	MAFA
PancreaticEndocrine_sc	MEIS1
PancreaticEndocrine_sc	PPY
PancreaticEndocrine_sc	RBP4
PancreaticEndocrine_sc	RGS2
PancreaticEndocrine_sc	STMN2
Pericyte_sc	COX4I2
Pericyte_sc	CSPG4
Pericyte_sc	NDUFA4L2
Pericyte_sc	RGS5
Pericyte_sc	SOD3
Plasma_sc	DERL3
Plasma_sc	FCRL2
Plasma_sc	FCRL5
Plasma_sc	IGLL5
Plasma_sc	JSRP1
Plasma_sc	TNFRSF17
Platelet_sc	ACRBP
Platelet_sc	GP9
Platelet_sc	ITGB3
Platelet_sc	PF4
Platelet_sc	PPBP
Platelet_sc	TMEM40
Platelet_sc	TREML1
Pneumocyte_sc	ABCA3
Pneumocyte_sc	AGER
Pneumocyte_sc	CFTR
Pneumocyte_sc	NAPSA
Pneumocyte_sc	PGC
Pneumocyte_sc	SPTB
Pro apoptotic pathway	BAD
Pro apoptotic pathway	BAX
Pro apoptotic pathway	BBC3
Pro apoptotic pathway	BCL2L11
Pro apoptotic pathway	BID
Pro apoptotic pathway	CASP3
Pro apoptotic pathway	CASP8
Pro apoptotic pathway	CASP9
Pro apoptotic pathway	FAS
Pro apoptotic pathway	FASLG
Pro apoptotic pathway	PMAIP1
Pro apoptotic pathway	TNF
Proliferating_G1S_sc	ATAD2
Proliferating_G1S_sc	BLM
Proliferating_G1S_sc	BRIP1
Proliferating_G1S_sc	CCNE2
Proliferating_G1S_sc	CDC45
Proliferating_G1S_sc	CDC6
Proliferating_G1S_sc	CDCA7
Proliferating_G1S_sc	CHAF1B
Proliferating_G1S_sc	CLSPN
Proliferating_G1S_sc	DTL
Proliferating_G1S_sc	E2F8
Proliferating_G1S_sc	EXO1
Proliferating_G1S_sc	FEN1
Proliferating_G1S_sc	GINS2
Proliferating_G1S_sc	GMNN
Proliferating_G1S_sc	HELLS
Proliferating_G1S_sc	MCM2
Proliferating_G1S_sc	MCM4
Proliferating_G1S_sc	POLA1
Proliferating_G1S_sc	RAD51
Proliferating_G1S_sc	UNG
Proliferating_G2M_sc	ANLN
Proliferating_G2M_sc	AURKA
Proliferating_G2M_sc	AURKB
Proliferating_G2M_sc	BIRC5
Proliferating_G2M_sc	CDC20
Proliferating_G2M_sc	CDCA2
Proliferating_G2M_sc	CDCA3
Proliferating_G2M_sc	CDK1
Proliferating_G2M_sc	CENPA
Proliferating_G2M_sc	CENPE
Proliferating_G2M_sc	KIF11
Proliferating_G2M_sc	KIF23
Proliferating_G2M_sc	MKI67
Proliferating_G2M_sc	NEK2
Proliferating_G2M_sc	TOP2A
Proliferating_G2M_sc	UBE2C
Proliferating_sc	DTYMK
Proliferating_sc	GMPS
Proliferating_sc	HMGB2
Proliferating_sc	MCM7
Proliferating_sc	MKI67
Proliferating_sc	PCNA
Proliferating_sc	RFC2
Proliferating_sc	SAE1
Proliferating_sc	SKA2
Proliferating_sc	STMN1
Reference_NanoString09	ABCF1
Reference_NanoString09	ACTB
Reference_NanoString09	ALAS1
Reference_NanoString09	B2M
Reference_NanoString09	CLTC
Reference_NanoString09	G6PD
Reference_NanoString09	GAPDH
Reference_NanoString09	GUSB
Reference_NanoString09	HPRT1
Reference_NanoString09	LDHA
Reference_NanoString09	PGK1
Reference_NanoString09	POLR1B
Reference_NanoString09	POLR2A
Reference_NanoString09	RPL19
Reference_NanoString09	RPLP0
Reference_NanoString09	SDHA
Reference_NanoString09	TBP
Reference_NanoString09	TUBB
RegTcell_Blood_l_Zhang18	CDC25B
RegTcell_Blood_l_Zhang18	FOXP3
RegTcell_Blood_l_Zhang18	IKZF2
RegTcell_Blood_l_Zhang18	IL10RA
RegTcell_Blood_l_Zhang18	IL2RA
RegTcell_Blood_l_Zhang18	RTKN2
RegTcell_Blood_l_Zhang18	S1PR4
RegTcell_Combes22	CCL22
RegTcell_Combes22	CCR8
RegTcell_Combes22	CD80
RegTcell_Combes22	FOXP3
RegTcell_Combes22	IL2RA
RegTcell_Combes22	LAIR2
RegTcell_Combes22	TNFRSF13B
RegTcell_Combes22	TNFRSF18
RegTcell_Tumor_l_Zhang18	BATF
RegTcell_Tumor_l_Zhang18	CCR8
RegTcell_Tumor_l_Zhang18	CTLA4
RegTcell_Tumor_l_Zhang18	FOXP3
RegTcell_Tumor_l_Zhang18	IKZF2
RegTcell_Tumor_l_Zhang18	IL21R
RegTcell_Tumor_l_Zhang18	LAYN
RegTcell_Tumor_l_Zhang18	RTKN2
RegTcell_Tumor_l_Zhang18	TNFRSF18
RegTcell_l_Li19	FOXP3
RegTcell_l_Li19	IKZF2
RegTcell_l_Li19	IL2RA
RegTcell_sc	CCR4
RegTcell_sc	CCR8
RegTcell_sc	CTLA4
RegTcell_sc	FOXP3
RegTcell_sc	RTKN2
ResourceCD8Tcell_sc	CD8A
ResourceCD8Tcell_sc	CXCR3
ResourceCD8Tcell_sc	IL7R
ResourceCD8Tcell_sc	ITGB7
ResourceCD8Tcell_sc	KLRG1
ResourceCD8Tcell_sc	PDCD1
ResourceCD8Tcell_sc	S1PR1
ResourceCD8Tcell_sc	S1PR5
ResourceCD8Tcell_sc	SLAMF6
ResourceCD8Tcell_sc	TCF7
Stroma_Combes22	ADAMTS12
Stroma_Combes22	BGN
Stroma_Combes22	CDH11
Stroma_Combes22	COL12A1
Stroma_Combes22	COL14A1
Stroma_Combes22	COL1A1
Stroma_Combes22	COL1A2
Stroma_Combes22	COL3A1
Stroma_Combes22	COL5A2
Stroma_Combes22	DCN
Stroma_Combes22	EDNRA
Stroma_Combes22	FNDC1
Stroma_Combes22	ISLR
Stroma_Combes22	LUM
Stroma_Combes22	MXRA5
Stroma_Combes22	PCDH18
Stroma_Combes22	PDGFRA
Stroma_Combes22	POSTN
Stroma_Combes22	PRRX1
Stroma_Combes22	SULF1
Stroma_Combes22	THY1
TGFb_CCR	ACVR1
TGFb_CCR	CCL24
TGFb_CCR	FLT4
TGFb_CCR	IFNGR1
TGFb_CCR	IL4R
TGFb_CCR	IL6ST
TGFb_CCR	KIT
TGFb_CCR	LIF
TGFb_CCR	PDGFA
TGFb_CCR	PDGFRB
TGFb_CCR	TGFB1
TGFb_CCR	TGFBR2
TGFb_CCR	TNFRSF10B
TGFb_CCR	TNFRSF14
TGFb_CCR	TNFRSF1A
TGFb_pan	ACTA2
TGFb_pan	ACTG2
TGFb_pan	ADAM12
TGFb_pan	ADAM19
TGFb_pan	CNN1
TGFb_pan	COL4A1
TGFb_pan	CTPS1
TGFb_pan	FSTL3
TGFb_pan	HSPB1
TGFb_pan	IGFBP3
TGFb_pan	PXDC1
TGFb_pan	SEMA7A
TGFb_pan	SH3PXD2A
TGFb_pan	TAGLN
TGFb_pan	TGFBI
TGFb_pan	TNS1
TGFb_pan	TPM1
TGFb_set	ACVR1
TGFb_set	TGFB1
TGFb_set	TGFBR2
TLS_v1_Cabrita20	CD1D
TLS_v1_Cabrita20	CD79B
TLS_v1_Cabrita20	CETP
TLS_v1_Cabrita20	EIF1AY
TLS_v1_Cabrita20	LAT
TLS_v1_Cabrita20	PTGDS
TLS_v1_Cabrita20	RBP5
TLS_v1_Cabrita20	SKAP1
TLS_v2_Cabrita20	CCL19
TLS_v2_Cabrita20	CCL21
TLS_v2_Cabrita20	CCR7
TLS_v2_Cabrita20	CXCL13
TLS_v2_Cabrita20	CXCR5
TLS_v2_Cabrita20	LAMP3
TLS_v2_Cabrita20	SELL
Target_marker_CTLA4	CTLA4
Target_marker_GeneBio	CD274
Target_marker_GeneBio	CTLA4
Target_marker_GeneBio	PDCD1
Target_marker_PD1	PDCD1
Target_marker_PDL1	CD274
Tcell_Combes22	CD3D
Tcell_Combes22	CD3E
Tcell_Combes22	CD3G
Tcell_Combes22	CD40LG
Tcell_Combes22	CD6
Tcell_Combes22	CD8A
Tcell_Combes22	CD8B
Tcell_Combes22	EOMES
Tcell_Combes22	FASLG
Tcell_Combes22	GRAP2
Tcell_Combes22	GZMA
Tcell_Combes22	GZMH
Tcell_Combes22	GZMK
Tcell_Combes22	ICOS
Tcell_Combes22	ITK
Tcell_Combes22	KLRK1
Tcell_Combes22	PYHIN1
Tcell_Combes22	SH2D1A
Tcell_Combes22	SIRPG
Tcell_Combes22	TBX21
Tcell_Combes22	THEMIS
Tcell_Combes22	TRAT1
Tcell_Combes22	UBASH3A
Tcell_Combes22	ZAP70
Tcell_Combes22	ZNF831
Tcell_IL7Rmax_sc	ADAM12
Tcell_IL7Rmax_sc	CCR2
Tcell_IL7Rmax_sc	CEBPD
Tcell_IL7Rmax_sc	CXCR6
Tcell_IL7Rmax_sc	CXXC5
Tcell_IL7Rmax_sc	GZMK
Tcell_IL7Rmax_sc	IL18RAP
Tcell_IL7Rmax_sc	IL7R
Tcell_IL7Rmax_sc	KLRB1
Tcell_IL7Rmax_sc	LGALS3
Tcell_IL7Rmax_sc	NCR3
Tcell_IL7Rmax_sc	PHACTR2
Tcell_IL7Rmax_sc	SLC4A10
Tcell_IL7Rmax_sc	SLC4A10
Tcell_IL7Rmax_sc	ZBTB16
Tcell_l_Danaher17	CD3D
Tcell_l_Danaher17	CD3E
Tcell_l_Danaher17	CD3G
Tcell_l_Danaher17	CD6
Tcell_l_Danaher17	SH2D1A
Tcell_l_Danaher17	TRAT1
Tcell_markers	CTLA4
Tcell_markers	CXCL3
Tcell_markers	CXCR4
Tcell_markers	MMP2
Tcell_markers	SERPINE1
Th17CD4Tcell_sc	IL17A
Th17CD4Tcell_sc	IL17RE
Th17CD4Tcell_sc	IL23R
Th17CD4Tcell_sc	RORC
Ubiquitous_immune_sc	ACTB
Ubiquitous_immune_sc	HNRNPK
Ubiquitous_immune_sc	UBC
Ubiquitous_immune_sc	YWHAZ
Ubiquitous_sc	ACTB
Ubiquitous_sc	HNRNPK
Ubiquitous_sc	HNRNPU
Ubiquitous_sc	SNRPD3
Ubiquitous_sc	SRRM1
Ubiquitous_sc	ZNF207
cDC1_Combes22	BATF3
cDC1_Combes22	C1orf54
cDC1_Combes22	CLEC9A
cDC1_Combes22	IDO1
cDC1_Combes22	XCR1
cDC1_I_Liu2018	BATF3
cDC1_I_Liu2018	CLEC9A
cDC1_I_Liu2018	IRF8
cDC1_I_Liu2018	THBD
cDC1_sc	CLEC9A
cDC1_sc	CLNK
cDC1_sc	ENPP1
cDC1_sc	PPM1J
cDC1_sc	XCR1
cDC1_sc	XCR1
cDC1_sc	ZNF366
cDC2_Combes22	CD1C
cDC2_Combes22	CD1D
cDC2_Combes22	CD1E
cDC2_Combes22	CLEC10A
cDC2_Combes22	FCER1A
cDC2_sc	CD1C
cDC2_sc	CD1E
cDC2_sc	CLEC10A
cDC2_sc	ENHO
cDC_CCR7_sc	CCL17
cDC_CCR7_sc	CCL19
cDC_CCR7_sc	CCL22
cDC_CCR7_sc	CRLF2
cDC_CCR7_sc	HMSD
cDC_CCR7_sc	NCCRP1
cDC_CCR7_sc	UBD
cDC_sc	CCL22
cDC_sc	CD1C
cDC_sc	CLEC9A
cDC_sc	FLT3
cDC_sc	UPK3A
cDC_sc	ZNF366
pDC_sc	ASIP
pDC_sc	CLEC4C
pDC_sc	LILRA4
pDC_sc	LRRC26
pDC_sc	PTCRA
pDC_sc	SCT
pDC_sc	SLC12A3
